,path,mean_r,mean_g,mean_b,mean_left_r,mean_left_g,mean_left_b,mean_right_r,mean_right_g,mean_right_b
0,PILL/00093-4069-01_PART_1_OF_1_CHAL10_SB_E126F0B7.jpg,24,137,185,14,119,171,24,140,187
1,PILL/00093-1063-01_PART_1_OF_1_CHAL10_SB_A029D07E.jpg,169,173,176,165,169,173,172,175,179
2,PILL/00078-0486-15_PART_1_OF_1_CHAL10_SB_E61D736B.jpg,165,107,99,166,106,99,164,106,99
3,PILL/00093-0926-06_PART_1_OF_1_CHAL10_SF_9826CC56.jpg,192,139,115,190,138,114,191,138,114
4,PILL/00093-7227-72_PART_1_OF_1_CHAL10_SF_CC306663.jpg,202,198,189,212,207,197,203,200,193
5,PILL/00093-7286-89_PART_1_OF_1_CHAL10_SF_D62FEB6F.jpg,183,169,129,162,143,95,183,169,129
6,PILL/00093-7214-98_PART_1_OF_1_CHAL10_SB_C929E4EF.jpg,176,176,175,156,154,153,180,180,179
7,PILL/00074-9189-90_PART_1_OF_1_CHAL10_SF_DF1DEFBF.jpg,107,120,98,93,125,136,181,136,51
8,PILL/00093-7293-53_PART_1_OF_1_CHAL10_SF_871C43D2.jpg,162,160,157,159,157,154,163,160,157
9,PILL/00093-4030-01_PART_1_OF_1_CHAL10_SF_20271038.jpg,44,164,138,32,166,136,43,166,139
10,PILL/00093-7285-89_PART_1_OF_1_CHAL10_SB_B62FDB4E.jpg,55,123,159,54,120,157,56,123,159
11,PILL/00093-3167-53_PART_1_OF_1_CHAL10_SB_F7267B83.jpg,139,76,76,128,15,22,187,147,141
12,PILL/00093-5118-98_PART_1_OF_1_CHAL10_SB_452D2299.jpg,4,73,60,2,73,59,4,73,60
13,PILL/00093-7293-53_PART_1_OF_1_CHAL10_SB_871C43D2.jpg,162,159,155,157,155,151,162,159,155
14,PILL/00093-7239-98_PART_1_OF_1_CHAL10_SB_A71DD3FE.jpg,169,145,137,167,144,136,169,144,137
15,PILL/00093-0892-01_PART_1_OF_1_CHAL10_SB_A32B519A.jpg,170,96,107,166,89,101,169,94,106
16,PILL/00093-5247-65_PART_1_OF_1_CHAL10_SB_8F26C7D6.jpg,192,189,161,195,192,163,196,194,166
17,PILL/00093-2264-01_PART_1_OF_1_CHAL10_SF_DE296F5B.jpg,173,174,158,135,133,113,176,177,161
18,PILL/00093-7338-01_PART_1_OF_1_CHAL10_SF_642D3229.jpg,181,133,97,183,102,51,193,173,147
19,PILL/00093-1893-01_PART_1_OF_1_CHAL10_SF_9C2B4E3A.jpg,79,112,150,75,110,150,82,114,152
20,PILL/00093-5711-01_PART_1_OF_1_CHAL10_SB_3A2B9D5C.jpg,192,126,115,190,124,113,192,125,115
21,PILL/00093-0149-01_PART_1_OF_1_CHAL10_SF_BA23DD0E.jpg,165,128,120,160,125,118,164,127,119
22,PILL/00093-2275-34_PART_1_OF_1_CHAL10_SF_D82D6C1B.jpg,173,171,166,168,166,161,173,171,166
23,PILL/00093-7214-98_PART_1_OF_1_CHAL10_SF_C929E4EF.jpg,174,174,172,146,144,142,178,178,177
24,PILL/00093-4237-01_PART_1_OF_1_CHAL10_SB_2B2D958C.jpg,178,176,172,176,174,170,183,181,178
25,PILL/00093-7285-89_PART_1_OF_1_CHAL10_SF_B62FDB4E.jpg,55,124,161,32,85,121,56,124,161
26,PILL/00093-7146-56_PART_1_OF_1_CHAL10_SF_282B945C.jpg,157,52,67,154,47,62,158,53,68
27,PILL/00078-0572-15_PART_1_OF_1_CHAL10_SF_381D9C4C.jpg,139,89,83,134,82,76,139,89,83
28,PILL/00093-2263-01_PART_1_OF_1_CHAL10_SB_0029803C.jpg,172,174,158,168,170,154,175,177,161
29,PILL/00093-1063-01_PART_1_OF_1_CHAL10_SF_22269114.jpg,175,177,182,135,139,145,176,178,183
30,PILL/00085-1322-01_PART_1_OF_1_CHAL10_SF_CF07E78F.jpg,110,140,158,109,138,156,110,140,158
31,PILL/00074-3290-13_PART_1_OF_1_CHAL10_SB_EC1D766B.jpg,148,60,42,149,57,38,149,60,43
32,PILL/00078-0574-15_PART_1_OF_1_CHAL10_SB_3E1D9F4C.jpg,138,84,56,135,80,52,138,83,56
33,PILL/00093-0734-01_PART_1_OF_1_CHAL10_SB_6C2B3609.jpg,136,163,176,132,160,172,142,169,181
34,PILL/00093-2210-98_PART_1_OF_1_CHAL10_SF_B827DC6E.jpg,169,172,170,167,170,169,171,174,172
35,PILL/00093-7336-06_PART_1_OF_1_CHAL10_SF_FA26FD17.jpg,193,189,179,207,204,196,193,190,180
36,PILL/00093-7366-56_PART_1_OF_1_CHAL10_SB_B12FD8DE.jpg,86,128,110,78,122,104,87,128,110
37,PILL/00093-7334-01_PART_1_OF_1_CHAL10_SF_A929548A.jpg,114,111,97,25,139,175,209,90,23
38,PILL/00093-7219-06_PART_1_OF_1_CHAL10_SF_72293959.jpg,164,128,79,159,123,74,168,132,82
39,PILL/00093-3002-56_PART_1_OF_1_CHAL10_SF_0D2986FC.jpg,195,195,186,198,196,184,194,194,187
40,PILL/00093-7259-56_PART_1_OF_1_CHAL10_SB_B92FDCFE.jpg,107,140,171,94,126,158,108,141,173
41,PILL/00093-7157-06_PART_1_OF_1_CHAL10_SF_4D2BA68D.jpg,183,161,81,179,157,76,183,161,81
42,PILL/00093-7270-98_PART_1_OF_1_CHAL10_SB_9027C85E.jpg,166,166,164,162,162,160,168,168,166
43,PILL/00093-2060-98_PART_1_OF_1_CHAL10_SB_072983CC.jpg,199,198,196,199,198,197,199,198,196
44,PILL/00093-3171-01_PART_1_OF_1_CHAL10_SF_E626F327.jpg,56,64,94,52,58,99,35,123,179
45,PILL/00093-7169-56_PART_1_OF_1_CHAL10_SF_1F2B8FDC.jpg,155,49,64,150,44,59,152,48,62
46,PILL/00093-7202-98_PART_1_OF_1_CHAL10_SB_6323B1ED.jpg,165,173,155,164,172,154,171,179,161
47,PILL/00093-7219-06_PART_1_OF_1_CHAL10_SB_72293959.jpg,164,127,79,160,122,73,168,131,81
48,PILL/00093-5502-01_PART_1_OF_1_CHAL10_SB_742DBA1D.jpg,182,167,143,179,164,140,188,173,149
49,PILL/00093-0756-01_PART_1_OF_1_CHAL10_SF_19268C94.jpg,61,97,64,95,87,43,114,103,52
50,PILL/00093-0734-01_PART_1_OF_1_CHAL10_SF_C022E017.jpg,137,160,173,134,157,170,134,156,169
51,PILL/00093-7147-56_PART_1_OF_1_CHAL10_SB_432BA1DD.jpg,179,179,177,176,176,174,178,178,176
52,PILL/00093-0576-06_PART_1_OF_1_CHAL10_SB_6026B005.jpg,95,157,179,91,156,178,100,162,183
53,PILL/00093-5385-06_PART_1_OF_1_CHAL10_SF_FB27FDFF.jpg,175,174,172,118,113,110,177,176,175
54,PILL/00093-2131-01_PART_1_OF_1_CHAL10_SB_E729F3BF.jpg,177,161,161,200,184,186,184,169,168
55,PILL/00093-7207-56_PART_1_OF_1_CHAL10_SB_E62FF37F.jpg,179,108,80,178,102,71,182,112,84
56,PILL/00093-3193-01_PART_1_OF_1_CHAL10_SF_AD29569A.jpg,64,144,181,44,135,189,88,165,187
57,PILL/00093-4059-53_PART_1_OF_1_CHAL10_SF_FD2D7EDB.jpg,176,174,166,147,138,125,176,174,167
58,PILL/00093-2131-01_PART_1_OF_1_CHAL10_SF_E729F3BF.jpg,176,160,161,202,186,189,176,162,161
59,PILL/00093-5117-98_PART_1_OF_1_CHAL10_SB_522D2929.jpg,36,119,103,73,164,149,5,76,62
60,PILL/00093-1016-01_PART_1_OF_1_CHAL10_SB_BA29DD0E.jpg,185,139,118,187,139,118,185,138,118
61,PILL/00093-3123-01_PART_1_OF_1_CHAL10_SF_EB26F597.jpg,93,189,177,77,199,183,131,195,187
62,PILL/00093-5703-01_PART_1_OF_1_CHAL10_SB_7D2DBE9D.jpg,178,166,145,176,163,143,183,171,150
63,PILL/00093-7212-01_PART_1_OF_1_CHAL10_SB_C92FE4DF.jpg,153,110,102,145,101,93,151,108,100
64,PILL/00093-5119-98_PART_1_OF_1_CHAL10_SB_492D24A9.jpg,97,135,112,157,171,138,194,197,165
65,PILL/00093-7181-01_PART_1_OF_1_CHAL10_SF_2D2B96CC.jpg,181,179,177,178,176,173,180,179,176
66,PILL/00093-3147-01_PART_1_OF_1_CHAL10_SF_24231258.jpg,162,9,18,178,7,17,167,9,18
67,PILL/00093-4030-01_PART_1_OF_1_CHAL10_SB_20271038.jpg,47,171,144,42,172,144,48,174,147
68,PILL/00093-7147-56_PART_1_OF_1_CHAL10_SF_432BA1DD.jpg,178,179,177,174,175,173,177,178,175
69,PILL/00093-1087-01_PART_1_OF_1_CHAL10_SF_9E29CF5E.jpg,74,111,148,72,110,149,73,111,148
70,PILL/00093-7121-98_PART_1_OF_1_CHAL10_SF_5D2BAE9D.jpg,158,169,99,157,169,96,160,172,101
71,PILL/00093-3160-06_PART_1_OF_1_CHAL10_SB_FB297DFB.jpg,66,104,125,51,143,124,78,184,157
72,PILL/00093-4443-01_PART_1_OF_1_CHAL10_SB_9E2D4F0A.jpg,175,175,175,171,171,171,175,175,175
73,PILL/00093-1177-01_PART_1_OF_1_CHAL10_SF_4F2B27C9.jpg,177,176,168,175,173,166,173,171,164
74,PILL/00093-5502-01_PART_1_OF_1_CHAL10_SF_742DBA1D.jpg,188,174,148,186,171,145,184,169,144
75,PILL/00093-1077-01_PART_1_OF_1_CHAL10_SB_60293059.jpg,191,111,77,189,107,71,198,118,82
76,PILL/00093-7180-01_PART_1_OF_1_CHAL10_SB_482BA47D.jpg,184,168,144,181,164,139,183,168,143
77,PILL/00093-0320-01_PART_1_OF_1_CHAL10_SF_702B3819.jpg,184,146,124,155,107,79,184,146,124
78,PILL/00093-2275-34_PART_1_OF_1_CHAL10_SB_D82D6C1B.jpg,173,171,168,134,126,120,173,171,167
79,PILL/00093-0755-06_PART_1_OF_1_CHAL10_SB_752B3AE9.jpg,85,114,145,78,108,139,86,114,145
80,PILL/00093-7158-06_PART_1_OF_1_CHAL10_SF_312B98DC.jpg,176,162,123,170,156,118,175,161,122
81,PILL/00093-2268-01_PART_1_OF_1_CHAL10_SB_D5296ADB.jpg,177,175,164,173,171,159,179,177,166
82,PILL/00093-2270-34_PART_1_OF_1_CHAL10_SF_E12D70FB.jpg,175,138,133,173,137,131,174,139,134
83,PILL/00093-5290-56_PART_1_OF_1_CHAL10_SB_21281080.jpg,169,169,168,165,165,164,173,173,172
84,PILL/00093-5050-06_PART_1_OF_1_CHAL10_SF_992D4C9A.jpg,173,173,171,168,169,167,173,173,171
85,PILL/00093-1015-01_PART_1_OF_1_CHAL10_SF_A929D4FE.jpg,174,174,174,169,169,168,177,177,177
86,PILL/00093-0576-06_PART_1_OF_1_CHAL10_SF_DB23EDBF.jpg,97,155,177,94,154,177,93,151,174
87,PILL/00093-0537-01_PART_1_OF_1_CHAL10_SF_942B4A7A.jpg,178,178,177,174,174,173,176,177,175
88,PILL/00093-5712-01_PART_1_OF_1_CHAL10_SB_242B924C.jpg,189,158,71,186,155,67,188,157,70
89,PILL/00093-7113-06_PART_1_OF_1_CHAL10_SF_E029F05F.jpg,172,134,123,142,101,91,174,136,124
90,PILL/00093-7212-01_PART_1_OF_1_CHAL10_SF_9F23CF8E.jpg,148,104,97,142,98,91,146,103,96
91,PILL/00074-3020-11_PART_1_OF_1_CHAL10_SF_E01D703B.jpg,168,95,75,168,94,74,167,95,75
92,PILL/00093-1025-06_PART_1_OF_1_CHAL10_SF_8A29C56E.jpg,175,166,142,172,163,140,178,169,145
93,PILL/00093-0813-01_PART_1_OF_1_CHAL10_SB_2D2316A8.jpg,196,109,18,188,98,14,201,112,17
94,PILL/00093-0319-01_PART_1_OF_1_CHAL10_SB_792B3CF9.jpg,198,104,54,196,100,48,203,109,58
95,PILL/00078-0360-34_PART_1_OF_1_CHAL10_SF_F015780B.jpg,112,87,81,108,82,76,114,88,83
96,PILL/00093-4237-01_PART_1_OF_1_CHAL10_SF_A323D19E.jpg,179,173,169,178,173,169,173,168,163
97,PILL/00093-0983-01_PART_1_OF_1_CHAL10_SB_7A29BD5D.jpg,108,39,33,103,27,20,107,37,31
98,PILL/00078-0360-34_PART_1_OF_1_CHAL10_SB_F015780B.jpg,111,86,81,106,81,76,113,87,82
99,PILL/00093-0670-06_PART_1_OF_1_CHAL10_SB_822B417A.jpg,174,175,173,169,170,169,174,174,173
100,PILL/00093-7155-56_PART_1_OF_1_CHAL10_SF_A227D15E.jpg,155,100,93,152,95,89,154,99,93
101,PILL/00093-0924-01_PART_1_OF_1_CHAL10_SB_B729DBEE.jpg,175,174,174,170,169,169,178,178,177
102,PILL/00093-4069-01_PART_1_OF_1_CHAL10_SF_E126F0B7.jpg,29,139,186,16,121,173,30,142,189
103,PILL/00093-0321-01_PART_1_OF_1_CHAL10_SB_902B486A.jpg,194,102,55,190,97,51,193,101,54
104,PILL/00093-7305-65_PART_1_OF_1_CHAL10_SF_7C2F3E59.jpg,190,190,188,189,189,187,186,186,184
105,PILL/00093-0813-01_PART_1_OF_1_CHAL10_SF_D626EB47.jpg,173,94,14,197,110,9,172,94,14
106,PILL/00093-3129-01_PART_1_OF_1_CHAL10_SF_B32DD9FE.jpg,149,89,84,179,170,151,173,167,145
107,PILL/00093-7267-01_PART_1_OF_1_CHAL10_SB_DF2FEFEF.jpg,173,171,169,168,166,164,172,170,168
108,PILL/00093-7157-06_PART_1_OF_1_CHAL10_SB_4D2BA68D.jpg,183,162,81,182,159,78,184,162,81
109,PILL/00093-0174-56_PART_1_OF_1_CHAL10_SF_96294B5A.jpg,173,137,83,173,137,83,172,135,82
110,PILL/00093-0812-01_PART_1_OF_1_CHAL10_SF_2D2316D8.jpg,194,193,183,206,205,196,192,192,183
111,PILL/00093-7239-98_PART_1_OF_1_CHAL10_SF_A71DD3FE.jpg,168,143,136,168,143,135,168,144,136
112,PILL/00093-2272-34_PART_1_OF_1_CHAL10_SB_DD2D6EBB.jpg,174,133,128,170,133,127,171,130,127
113,PILL/00093-2075-01_PART_1_OF_1_CHAL10_SF_C326E187.jpg,194,17,30,194,11,23,197,18,31
114,PILL/00093-7243-06_PART_1_OF_1_CHAL10_SF_7B293DD9.jpg,130,156,101,126,153,96,126,152,98
115,PILL/00093-3147-01_PART_1_OF_1_CHAL10_SF_C51962CB.jpg,169,7,16,189,9,21,173,7,16
116,PILL/00093-0319-01_PART_1_OF_1_CHAL10_SF_792B3CF9.jpg,202,106,53,201,104,48,197,102,51
117,PILL/00093-5256-68_PART_1_OF_1_CHAL10_SF_15268A84.jpg,8,91,151,5,86,151,7,94,155
118,PILL/00093-1078-53_PART_1_OF_1_CHAL10_SB_8529C2FE.jpg,178,178,176,174,174,171,182,182,180
119,PILL/00093-7258-56_PART_1_OF_1_CHAL10_SF_28301410.jpg,106,143,176,104,142,176,108,145,178
120,PILL/00093-7248-06_PART_1_OF_1_CHAL10_SF_7829BC3D.jpg,150,159,167,81,92,104,153,162,171
121,PILL/00093-4237-01_PART_1_OF_1_CHAL10_SB_A323D19E.jpg,181,176,172,180,175,172,187,182,178
122,PILL/00093-0734-01_PART_1_OF_1_CHAL10_SB_C022E017.jpg,138,161,175,133,158,172,143,167,181
123,PILL/00093-3195-01_PART_1_OF_1_CHAL10_SF_BF295F9A.jpg,114,161,187,86,162,196,193,195,191
124,PILL/00093-5118-98_PART_1_OF_1_CHAL10_SF_452D2299.jpg,7,79,66,2,74,60,7,80,67
125,PILL/00093-3171-01_PART_1_OF_1_CHAL10_SB_10268814.jpg,56,63,94,28,75,125,30,120,179
126,PILL/00093-3010-84_PART_1_OF_1_CHAL10_SF_F72CFBF7.jpg,188,174,146,187,173,144,184,170,141
127,PILL/00093-7294-01_PART_1_OF_1_CHAL10_SB_812F40CA.jpg,184,182,179,180,178,175,188,186,184
128,PILL/00093-3125-01_PART_1_OF_1_CHAL10_SB_DD26EEA7.jpg,99,196,185,113,196,186,138,203,195
129,PILL/00093-0147-01_PART_1_OF_1_CHAL10_SB_212990BC.jpg,177,136,124,176,135,123,183,142,130
130,PILL/00093-7182-01_PART_1_OF_1_CHAL10_SB_362B9B4C.jpg,179,149,110,174,142,102,178,148,109
131,PILL/00093-3125-01_PART_1_OF_1_CHAL10_SF_DD26EEA7.jpg,97,189,178,116,197,187,135,196,188
132,PILL/00093-1077-01_PART_1_OF_1_CHAL10_SF_60293059.jpg,184,105,69,180,99,62,179,101,66
133,PILL/00093-1078-53_PART_1_OF_1_CHAL10_SF_8529C2FE.jpg,177,177,174,172,172,168,181,180,178
134,PILL/00078-0359-34_PART_1_OF_1_CHAL10_SF_EC15765B.jpg,152,103,55,150,102,54,152,104,56
135,PILL/00074-3020-11_PART_1_OF_1_CHAL10_SB_E01D703B.jpg,167,95,76,167,92,72,167,95,75
136,PILL/00093-3002-56_PART_1_OF_1_CHAL10_SB_0D2986FC.jpg,201,201,192,199,199,190,201,201,194
137,PILL/00078-0359-34_PART_1_OF_1_CHAL10_SB_EC15765B.jpg,150,102,55,147,98,51,150,102,56
138,PILL/00093-3196-53_PART_1_OF_1_CHAL10_SF_C52DE2FF.jpg,185,99,100,189,78,79,196,193,186
139,PILL/00093-7180-01_PART_1_OF_1_CHAL10_SF_482BA47D.jpg,183,168,145,180,165,141,183,168,144
140,PILL/00093-7198-56_PART_1_OF_1_CHAL10_SF_C429620B.jpg,173,104,94,210,51,23,219,59,26
141,PILL/00093-5215-01_PART_1_OF_1_CHAL10_SB_562BAB0D.jpg,191,162,105,188,158,100,191,162,106
142,PILL/00093-0149-01_PART_1_OF_1_CHAL10_SF_2629932C.jpg,167,131,123,165,128,120,170,134,125
143,PILL/00093-7169-56_PART_1_OF_1_CHAL10_SB_1F2B8FDC.jpg,155,49,64,151,45,60,153,50,64
144,PILL/00093-1177-01_PART_1_OF_1_CHAL10_SB_4F2B27C9.jpg,176,173,166,173,171,164,181,179,172
145,PILL/00093-2263-01_PART_1_OF_1_CHAL10_SF_0029803C.jpg,172,174,158,168,170,154,174,176,160
146,PILL/00093-0711-01_PART_1_OF_1_CHAL10_SF_7E2B3F69.jpg,42,128,170,29,123,168,40,124,165
147,PILL/00093-1063-01_PART_1_OF_1_CHAL10_SB_22269114.jpg,173,174,179,167,168,173,175,176,180
148,PILL/00093-0813-01_PART_1_OF_1_CHAL10_SB_D626EB47.jpg,187,102,13,196,109,10,192,106,11
149,PILL/00093-1118-01_PART_1_OF_1_CHAL10_SB_D32969BB.jpg,162,178,180,161,177,179,161,176,179
150,PILL/00093-3196-53_PART_1_OF_1_CHAL10_SB_C52DE2FF.jpg,189,101,102,201,153,148,201,198,191
151,PILL/00093-1893-01_PART_1_OF_1_CHAL10_SB_9C2B4E3A.jpg,80,112,150,78,112,150,83,115,152
152,PILL/00093-3127-01_PART_1_OF_1_CHAL10_SF_C12DE08F.jpg,89,78,96,108,5,20,81,152,177
153,PILL/00093-3129-01_PART_1_OF_1_CHAL10_SB_B32DD9FE.jpg,155,92,87,179,170,152,180,173,150
154,PILL/00093-7156-56_PART_1_OF_1_CHAL10_SF_DF27EF8F.jpg,165,90,77,166,88,76,166,91,79
155,PILL/00093-7156-56_PART_1_OF_1_CHAL10_SB_DF27EF8F.jpg,164,88,75,165,87,75,165,88,76
156,PILL/00093-1122-01_PART_1_OF_1_CHAL10_SB_CC29665B.jpg,168,67,46,164,62,40,171,68,47
157,PILL/00078-0486-15_PART_1_OF_1_CHAL10_SF_E61D736B.jpg,165,107,99,167,106,99,165,106,99
158,PILL/00093-7242-06_PART_1_OF_1_CHAL10_SB_76293B69.jpg,180,184,110,178,182,107,188,191,117
159,PILL/00093-3010-84_PART_1_OF_1_CHAL10_SB_F72CFBF7.jpg,184,170,140,182,168,139,190,175,146
160,PILL/00093-3109-53_PART_1_OF_1_CHAL10_SF_C819644B.jpg,192,178,152,195,175,141,192,180,155
161,PILL/00093-7182-01_PART_1_OF_1_CHAL10_SF_362B9B4C.jpg,180,151,111,176,146,107,179,150,110
162,PILL/00093-0755-06_PART_1_OF_1_CHAL10_SF_752B3AE9.jpg,87,116,146,81,110,141,87,116,146
163,PILL/00093-3109-53_PART_1_OF_1_CHAL10_SB_C819644B.jpg,198,183,157,195,176,145,197,185,159
164,PILL/00093-7287-89_PART_1_OF_1_CHAL10_SF_D22FE95F.jpg,155,86,65,104,43,29,153,85,64
165,PILL/00093-7220-06_PART_1_OF_1_CHAL10_SF_692934D9.jpg,142,72,67,136,65,60,146,76,70
166,PILL/00093-2268-01_PART_1_OF_1_CHAL10_SF_D5296ADB.jpg,176,174,163,163,161,148,177,176,165
167,PILL/00093-0148-01_PART_1_OF_1_CHAL10_SB_4629A34D.jpg,174,147,134,170,143,131,178,151,138
168,PILL/00093-4068-01_PART_1_OF_1_CHAL10_SF_CC26E637.jpg,206,56,109,208,54,105,212,58,114
169,PILL/00093-2270-34_PART_1_OF_1_CHAL10_SB_E12D70FB.jpg,173,137,135,170,137,134,172,138,135
170,PILL/00093-3167-53_PART_1_OF_1_CHAL10_SF_F7267B83.jpg,140,77,76,157,95,95,183,147,140
171,PILL/00093-0756-01_PART_1_OF_1_CHAL10_SB_19268C94.jpg,58,93,59,92,85,42,113,100,47
172,PILL/00093-7258-56_PART_1_OF_1_CHAL10_SB_28301410.jpg,107,143,175,106,142,176,109,145,177
173,PILL/00093-7121-98_PART_1_OF_1_CHAL10_SB_5D2BAE9D.jpg,158,170,99,156,169,93,161,172,102
174,PILL/00078-0574-15_PART_1_OF_1_CHAL10_SF_3E1D9F4C.jpg,139,83,55,132,75,48,139,83,55
175,PILL/00093-5712-01_PART_1_OF_1_CHAL10_SF_242B924C.jpg,188,158,70,186,155,67,187,157,70
176,PILL/00093-7247-06_PART_1_OF_1_CHAL10_SF_7329B9CD.jpg,172,170,158,113,104,87,174,172,161
177,PILL/00093-5117-98_PART_1_OF_1_CHAL10_SF_522D2929.jpg,42,124,109,70,164,147,11,84,70
178,PILL/00093-5119-98_PART_1_OF_1_CHAL10_SF_492D24A9.jpg,99,130,107,160,171,139,194,188,157
179,PILL/00093-1049-98_PART_1_OF_1_CHAL10_SB_CE29E75F.jpg,176,178,178,170,173,172,180,182,182
180,PILL/00093-4234-01_PART_1_OF_1_CHAL10_SB_292D1488.jpg,174,126,113,172,121,108,178,129,117
181,PILL/00093-0757-01_PART_1_OF_1_CHAL10_SF_AC2B561A.jpg,7,92,77,4,70,57,7,93,78
182,PILL/00093-5116-01_PART_1_OF_1_CHAL10_SF_B92D5C8A.jpg,173,171,169,166,164,161,173,171,169
183,PILL/00093-7267-01_PART_1_OF_1_CHAL10_SF_DF2FEFEF.jpg,174,173,171,170,168,166,174,173,171
184,PILL/00093-3171-01_PART_1_OF_1_CHAL10_SB_E626F327.jpg,56,65,95,89,5,13,36,125,182
185,PILL/00093-7158-06_PART_1_OF_1_CHAL10_SB_312B98DC.jpg,178,165,125,173,161,121,178,165,125
186,PILL/00074-9189-90_PART_1_OF_1_CHAL10_SB_DF1DEFBF.jpg,107,118,95,52,116,147,189,144,55
187,PILL/00093-0778-01_PART_1_OF_1_CHAL10_SB_4D2926C9.jpg,180,159,161,179,159,161,184,163,166
188,PILL/00093-2274-34_PART_1_OF_1_CHAL10_SF_022D814C.jpg,175,170,168,171,165,164,174,168,166
189,PILL/00093-7334-01_PART_1_OF_1_CHAL10_SB_A929548A.jpg,117,111,97,54,135,165,219,91,21
190,PILL/00093-7270-98_PART_1_OF_1_CHAL10_SF_9027C85E.jpg,167,167,165,164,165,163,169,169,167
191,PILL/00093-7305-65_PART_1_OF_1_CHAL10_SB_7C2F3E59.jpg,183,183,181,181,180,179,189,188,186
192,PILL/00093-0320-01_PART_1_OF_1_CHAL10_SB_702B3819.jpg,183,145,124,180,142,121,184,146,124
193,PILL/00093-2932-01_PART_1_OF_1_CHAL10_SB_DA296D4B.jpg,185,184,178,183,182,176,193,192,186
194,PILL/00093-7208-56_PART_1_OF_1_CHAL10_SB_E42FF25F.jpg,183,184,182,180,181,178,192,193,191
195,PILL/00093-7247-06_PART_1_OF_1_CHAL10_SB_7329B9CD.jpg,176,174,164,174,173,164,178,176,167
196,PILL/00093-7155-98_PART_1_OF_1_CHAL10_SF_4A21A50D.jpg,163,103,94,160,99,90,158,98,90
197,PILL/00093-5247-65_PART_1_OF_1_CHAL10_SF_8F26C7D6.jpg,187,185,157,187,185,157,185,183,156
198,PILL/00093-4234-01_PART_1_OF_1_CHAL10_SF_292D1488.jpg,177,130,117,176,129,117,174,127,115
199,PILL/00093-2264-01_PART_1_OF_1_CHAL10_SB_DE296F5B.jpg,175,176,161,169,170,155,178,179,164
200,PILL/00093-1016-01_PART_1_OF_1_CHAL10_SF_BA29DD0E.jpg,185,139,119,186,138,118,185,139,119
201,PILL/00093-5036-01_PART_1_OF_1_CHAL10_SF_122D0978.jpg,188,188,184,187,186,183,184,184,180
202,PILL/00093-7259-56_PART_1_OF_1_CHAL10_SF_B92FDCFE.jpg,108,141,173,95,127,159,109,143,174
203,PILL/00093-0576-06_PART_1_OF_1_CHAL10_SB_DB23EDBF.jpg,99,156,178,96,155,177,100,159,181
204,PILL/00093-5711-01_PART_1_OF_1_CHAL10_SF_3A2B9D5C.jpg,192,126,115,189,122,111,192,126,115
205,PILL/00093-7292-53_PART_1_OF_1_CHAL10_SB_781B3C09.jpg,156,122,107,151,117,102,157,124,108
206,PILL/00093-1118-01_PART_1_OF_1_CHAL10_SF_D32969BB.jpg,159,177,179,159,177,179,158,176,178
207,PILL/00093-0148-01_PART_1_OF_1_CHAL10_SF_4629A34D.jpg,172,146,132,169,142,130,176,150,136
208,PILL/00093-7155-98_PART_1_OF_1_CHAL10_SB_4A21A50D.jpg,165,104,95,163,101,92,170,108,99
209,PILL/00093-0576-06_PART_1_OF_1_CHAL10_SF_6026B005.jpg,93,152,172,94,154,173,92,151,171
210,PILL/00093-0149-01_PART_1_OF_1_CHAL10_SB_2629932C.jpg,169,133,125,165,127,120,173,136,129
211,PILL/00093-0852-53_PART_1_OF_1_CHAL10_SB_2C241600.jpg,171,171,165,168,168,163,170,169,164
212,PILL/00093-5256-68_PART_1_OF_1_CHAL10_SB_8727C3AE.jpg,9,95,159,6,84,150,10,100,165
213,PILL/00093-2060-98_PART_1_OF_1_CHAL10_SF_072983CC.jpg,200,199,198,201,200,199,200,199,198
214,PILL/00093-7244-06_PART_1_OF_1_CHAL10_SF_CD2FE6EF.jpg,175,140,96,170,135,91,175,140,96
215,PILL/00093-0778-01_PART_1_OF_1_CHAL10_SF_4D2926C9.jpg,172,151,152,170,149,151,169,148,150
216,PILL/00093-5116-01_PART_1_OF_1_CHAL10_SB_B92D5C8A.jpg,173,171,169,169,167,165,173,171,169
217,PILL/00093-7294-01_PART_1_OF_1_CHAL10_SF_812F40CA.jpg,190,189,186,188,187,184,186,185,182
218,PILL/00093-0670-06_PART_1_OF_1_CHAL10_SF_822B417A.jpg,175,176,174,152,150,148,175,175,173
219,PILL/00093-5256-68_PART_1_OF_1_CHAL10_SF_8727C3AE.jpg,9,92,153,6,84,150,10,97,159
220,PILL/00093-7244-06_PART_1_OF_1_CHAL10_SB_CD2FE6EF.jpg,175,140,97,171,136,93,175,140,97
221,PILL/00093-0537-01_PART_1_OF_1_CHAL10_SB_942B4A7A.jpg,177,177,176,174,174,172,175,175,174
222,PILL/00093-5215-01_PART_1_OF_1_CHAL10_SF_562BAB0D.jpg,191,161,105,164,121,57,191,161,106
223,PILL/00093-0321-01_PART_1_OF_1_CHAL10_SF_902B486A.jpg,196,104,54,174,77,30,193,101,52
224,PILL/00093-5036-01_PART_1_OF_1_CHAL10_SB_122D0978.jpg,183,182,178,151,147,136,189,187,184
225,PILL/00093-4444-01_PART_1_OF_1_CHAL10_SB_B42D5A1A.jpg,175,175,174,171,170,170,176,175,175
226,PILL/00093-4444-01_PART_1_OF_1_CHAL10_SF_B42D5A1A.jpg,176,175,175,165,164,163,176,175,175
227,PILL/00093-1174-01_PART_1_OF_1_CHAL10_SF_B52B5AFA.jpg,181,181,179,167,166,163,181,180,178
228,PILL/00093-4030-01_PART_1_OF_1_CHAL10_SF_04268274.jpg,68,180,154,89,196,174,72,182,156
229,PILL/00093-5703-01_PART_1_OF_1_CHAL10_SF_7D2DBE9D.jpg,185,173,151,183,171,148,181,169,147
230,PILL/00093-3127-01_PART_1_OF_1_CHAL10_SB_C12DE08F.jpg,96,84,103,110,5,20,88,164,191
231,PILL/00093-7146-18_PART_1_OF_1_CHAL10_SB_5D242E91.jpg,148,49,62,145,46,59,148,49,62
232,PILL/00093-3171-01_PART_1_OF_1_CHAL10_SF_10268814.jpg,55,61,92,22,84,137,29,117,172
233,PILL/00093-0734-01_PART_1_OF_1_CHAL10_SF_6C2B3609.jpg,138,166,178,135,163,176,133,161,173
234,PILL/00093-2210-98_PART_1_OF_1_CHAL10_SB_B827DC6E.jpg,168,172,170,133,135,131,171,174,172
235,PILL/00093-2931-01_PART_1_OF_1_CHAL10_SF_4A2B2559.jpg,179,176,172,175,172,168,174,171,167
236,PILL/00093-2075-01_PART_1_OF_1_CHAL10_SB_C326E187.jpg,198,18,31,193,13,25,202,19,32
237,PILL/00093-1049-98_PART_1_OF_1_CHAL10_SF_CE29E75F.jpg,174,177,176,169,171,170,177,180,179
238,PILL/00078-0572-15_PART_1_OF_1_CHAL10_SB_381D9C4C.jpg,135,89,84,133,85,80,135,89,84
239,PILL/00093-1006-01_PART_1_OF_1_CHAL10_SF_D729EBDF.jpg,170,166,166,165,161,161,172,168,168
240,PILL/00093-2272-34_PART_1_OF_1_CHAL10_SF_DD2D6EBB.jpg,172,135,132,169,134,131,171,130,129
241,PILL/00093-5105-56_PART_1_OF_1_CHAL10_SF_102D880C.jpg,178,180,176,175,176,173,178,180,177
242,PILL/00093-0892-01_PART_1_OF_1_CHAL10_SF_A32B519A.jpg,170,96,108,166,90,103,169,94,106
243,PILL/00093-4237-01_PART_1_OF_1_CHAL10_SF_2B2D958C.jpg,185,183,180,184,182,179,181,179,176
244,PILL/00093-7292-53_PART_1_OF_1_CHAL10_SF_781B3C09.jpg,157,124,109,153,119,103,158,125,109
245,PILL/00093-7113-06_PART_1_OF_1_CHAL10_SB_E029F05F.jpg,173,135,123,171,134,122,176,137,126
246,PILL/00093-7212-01_PART_1_OF_1_CHAL10_SF_C92FE4DF.jpg,155,113,105,148,106,99,153,111,103
247,PILL/00093-5049-06_PART_1_OF_1_CHAL10_SB_A22D511A.jpg,174,175,174,170,170,170,174,175,174
248,PILL/00093-5050-06_PART_1_OF_1_CHAL10_SB_992D4C9A.jpg,173,173,171,169,169,166,173,173,171
249,PILL/00093-3147-01_PART_1_OF_1_CHAL10_SB_24231258.jpg,172,9,19,167,5,16,178,10,20
250,PILL/00093-0948-01_PART_1_OF_1_CHAL10_SF_272B1388.jpg,178,85,50,176,78,42,174,82,49
251,PILL/00093-0711-01_PART_1_OF_1_CHAL10_SB_7E2B3F69.jpg,40,128,169,26,121,165,45,135,176
252,PILL/00093-1006-01_PART_1_OF_1_CHAL10_SB_D729EBDF.jpg,173,168,167,168,163,162,175,170,169
253,PILL/00093-7155-56_PART_1_OF_1_CHAL10_SB_A227D15E.jpg,162,104,97,162,102,95,170,111,104
254,PILL/00093-1122-01_PART_1_OF_1_CHAL10_SF_CC29665B.jpg,167,66,44,162,59,39,169,66,44
255,PILL/00093-5385-06_PART_1_OF_1_CHAL10_SB_FB27FDFF.jpg,175,174,172,131,127,124,177,176,175
256,PILL/00093-7146-56_PART_1_OF_1_CHAL10_SB_282B945C.jpg,158,47,62,157,44,59,158,46,61
257,PILL/00093-1174-01_PART_1_OF_1_CHAL10_SB_B52B5AFA.jpg,179,179,177,176,176,174,179,178,176
258,PILL/00093-0149-01_PART_1_OF_1_CHAL10_SB_BA23DD0E.jpg,165,129,121,159,121,114,165,129,121
259,PILL/00093-7207-56_PART_1_OF_1_CHAL10_SF_E62FF37F.jpg,181,107,78,168,91,61,183,110,81
260,PILL/00074-3290-13_PART_1_OF_1_CHAL10_SF_EC1D766B.jpg,147,60,42,147,57,40,147,61,43
261,PILL/00093-4059-53_PART_1_OF_1_CHAL10_SB_FD2D7EDB.jpg,177,174,168,173,170,164,177,174,168
262,PILL/00093-3147-01_PART_1_OF_1_CHAL10_SB_C51962CB.jpg,181,6,16,174,3,13,184,6,16
263,PILL/00093-2274-34_PART_1_OF_1_CHAL10_SB_022D814C.jpg,175,170,168,171,165,164,174,168,167
264,PILL/00093-4443-01_PART_1_OF_1_CHAL10_SF_9E2D4F0A.jpg,174,175,175,160,159,158,175,175,175
265,PILL/00093-0983-01_PART_1_OF_1_CHAL10_SF_7A29BD5D.jpg,108,38,32,102,25,17,106,35,29
266,PILL/00093-3160-06_PART_1_OF_1_CHAL10_SF_FB297DFB.jpg,65,101,121,54,158,135,76,178,152
267,PILL/00093-4068-01_PART_1_OF_1_CHAL10_SB_CC26E637.jpg,210,58,113,216,59,116,217,62,119
268,PILL/00093-7220-06_PART_1_OF_1_CHAL10_SB_692934D9.jpg,141,73,68,136,66,61,145,76,71
269,PILL/00093-5290-56_PART_1_OF_1_CHAL10_SF_21281080.jpg,170,170,168,168,169,167,174,174,173
270,PILL/00093-0757-01_PART_1_OF_1_CHAL10_SB_AC2B561A.jpg,4,89,73,2,69,56,4,90,74
271,PILL/00093-7181-01_PART_1_OF_1_CHAL10_SB_2D2B96CC.jpg,182,180,177,178,176,174,181,179,176
272,PILL/00093-7146-18_PART_1_OF_1_CHAL10_SF_5D242E91.jpg,149,48,62,144,43,56,149,48,61
273,PILL/00093-7243-06_PART_1_OF_1_CHAL10_SB_7B293DD9.jpg,136,163,109,133,160,105,143,170,115
274,PILL/00093-7202-98_PART_1_OF_1_CHAL10_SF_6323B1ED.jpg,161,169,151,160,167,151,157,165,148
275,PILL/00093-0147-01_PART_1_OF_1_CHAL10_SF_212990BC.jpg,167,126,115,166,125,114,165,124,112
276,PILL/00093-7208-56_PART_1_OF_1_CHAL10_SF_E42FF25F.jpg,187,189,186,184,186,184,183,185,182
277,PILL/00093-7287-89_PART_1_OF_1_CHAL10_SB_D22FE95F.jpg,153,85,63,147,80,58,151,84,63
278,PILL/00093-0756-01_PART_1_OF_1_CHAL10_SB_A82B540A.jpg,55,94,59,12,106,83,109,101,46
279,PILL/00093-1063-01_PART_1_OF_1_CHAL10_SF_A029D07E.jpg,168,172,175,130,135,138,170,174,177
280,PILL/00093-7248-06_PART_1_OF_1_CHAL10_SB_7829BC3D.jpg,157,165,172,156,164,171,160,168,176
281,PILL/00093-0924-01_PART_1_OF_1_CHAL10_SF_B729DBEE.jpg,173,172,172,153,151,151,175,175,174
282,PILL/00093-1015-01_PART_1_OF_1_CHAL10_SB_A929D4FE.jpg,177,176,176,174,173,173,180,180,180
283,PILL/00093-0813-01_PART_1_OF_1_CHAL10_SF_2D2316A8.jpg,189,106,21,191,100,12,191,108,19
284,PILL/00093-4030-01_PART_1_OF_1_CHAL10_SB_04268274.jpg,66,185,156,79,191,166,71,187,158
285,PILL/00093-7242-06_PART_1_OF_1_CHAL10_SF_76293B69.jpg,171,174,100,168,171,94,169,172,97
286,PILL/00093-1087-01_PART_1_OF_1_CHAL10_SB_9E29CF5E.jpg,75,112,149,72,110,149,74,110,148
287,PILL/00093-1025-06_PART_1_OF_1_CHAL10_SB_8A29C56E.jpg,177,167,141,174,164,139,180,170,145
288,PILL/00093-7286-89_PART_1_OF_1_CHAL10_SB_D62FEB6F.jpg,182,165,127,179,162,124,181,165,126
289,PILL/00093-5256-68_PART_1_OF_1_CHAL10_SB_15268A84.jpg,7,95,159,5,80,145,7,98,163
290,PILL/00093-7212-01_PART_1_OF_1_CHAL10_SB_9F23CF8E.jpg,149,106,99,143,101,95,148,105,98
291,PILL/00093-2932-01_PART_1_OF_1_CHAL10_SF_DA296D4B.jpg,175,175,168,171,171,164,170,170,163
292,PILL/00093-0948-01_PART_1_OF_1_CHAL10_SB_272B1388.jpg,183,89,55,182,84,48,188,93,57
293,PILL/00093-0756-01_PART_1_OF_1_CHAL10_SF_A82B540A.jpg,59,98,64,44,97,68,113,105,51
